Emma Thompson,Group_1
Liam Rodriguez,Group_1
Olivia Chen,Group_1
Noah Patel,Group_1
Ava Johnson,Group_1
Ethan Williams,Group_2
Sophia Brown,Group_2
Mason Garcia,Group_2
Isabella Martinez,Group_2
William Lee,Group_2
James Wilson,Group_3
Charlotte Davis,Group_3
Benjamin Anderson,Group_3
Amelia Taylor,Group_3
Lucas Thomas,Group_3
Henry Jackson,Group_4
Mia White,Group_4
Alexander Harris,Group_4
Harper Martin,Group_4
Daniel Thompson,Group_4
Michael Clark,Group_5
Emily Lewis,Group_5
Samuel Walker,Group_5
Abigail Hall,Group_5
David Allen,Group_5
Joseph Young,Group_6
Sofia Wright,Group_6
Christopher King,Group_6
Elizabeth Scott,Group_6
Andrew Green,Group_6
Ryan Baker,Group_7
Grace Adams,Group_7
Nicholas Nelson,Group_7
Chloe Hill,Group_7
Matthew Campbell,Group_8
Zoe Mitchell,Group_8
Jack Roberts,Group_8
Lily Carter,Group_8
Jonathan Phillips,Group_9
Victoria Evans,Group_9
Dylan Turner,Group_9
Hannah Morris,Group_9
Caleb Murphy,Group_10
Audrey Cook,Group_10
Luke Rivera,Group_10